field,rel_hum,temp,wind_speed,wind_dir,n,freq,wind_degrees, smut_incidence, smut_SDP,soil_moisture
1,65,21.978947368421053,4.678947368421053,NE,33,57.89473684210527,45,2,0.83,9.61
2,55,22.210526315789473,27.398245614035087,S,45,78.94736842105263,180,4.1,1.96,12.5
3,24.688524590163933,16.614754098360656,9.7,SE,25,40.98360655737705,135,6.2,5.67,8.3
4,50.31147540983606,12.30327868852459,11.88688524590164,NE,38,62.295081967213115,45,7.5,5.25,5.7
5,46.377049180327866,15.570491803278689,10.5,NE,37,60.65573770491803,45,11.6,8.93,9.74
6,31.901639344262296,14.186885245901639,23.457377049180327,N,48,78.68852459016394,0,6.2,7.05,6.65
